{
  "openapi": "3.0.0",
  "info": {
    "title": "API Utilisateurs",
    "version": "1.0.0"
  },
  "paths": {
    "/users/register": {
      "post": {
        "summary": "Crée un nouvel utilisateur",
        "tags": [
          "Utilisateurs"
        ],
        "requestBody": {
          "description": "Informations pour créer un utilisateur",
          "required": true,
          "content": {
            "application/json": {
              "schema": {
                "type": "object",
                "required": [
                  "userName",
                  "password"
                ],
                "properties": {
                  "userName": {
                    "type": "string",
                    "example": "monUser"
                  },
                  "password": {
                    "type": "string",
                    "example": "monPass123"
                  }
                }
              }
            }
          }
        },
        "responses": {
          "201": {
            "description": "Utilisateur créé avec succès",
            "content": {
              "application/json": {
                "schema": {
                  "type": "object",
                  "properties": {
                    "message": {
                      "type": "string",
                      "example": "Utilisateur créé avec succès"
                    }
                  }
                }
              }
            }
          },
          "400": {
            "description": "Utilisateur déjà existant ou données invalides",
            "content": {
              "application/json": {
                "schema": {
                  "type": "object",
                  "properties": {
                    "message": {
                      "type": "string",
                      "example": "Utilisateur déjà existant"
                    }
                  }
                }
              }
            }
          },
          "500": {
            "description": "Erreur serveur"
          }
        }
      }
    },
    "/users/login": {
      "post": {
        "summary": "Connexion d’un utilisateur",
        "tags": [
          "Utilisateurs"
        ],
        "requestBody": {
          "description": "Informations de connexion",
          "required": true,
          "content": {
            "application/json": {
              "schema": {
                "type": "object",
                "required": [
                  "userName",
                  "password"
                ],
                "properties": {
                  "userName": {
                    "type": "string",
                    "example": "monUser"
                  },
                  "password": {
                    "type": "string",
                    "example": "monPass123"
                  }
                }
              }
            }
          }
        },
        "responses": {
          "200": {
            "description": "Connexion réussie, retourne un token JWT",
            "content": {
              "application/json": {
                "schema": {
                  "type": "object",
                  "properties": {
                    "token": {
                      "type": "string",
                      "example": "eyJhbGciOiJIUzI1NiIsInR5cCI6IkpXVCJ9..."
                    },
                    "message": {
                      "type": "string",
                      "example": "Connexion réussie"
                    }
                  }
                }
              }
            }
          },
          "400": {
            "description": "Champs manquants ou identifiants incorrects",
            "content": {
              "application/json": {
                "schema": {
                  "type": "object",
                  "properties": {
                    "message": {
                      "type": "string",
                      "example": "Mot de passe incorrect"
                    }
                  }
                }
              }
            }
          },
          "500": {
            "description": "Erreur serveur"
          }
        }
      }
    },
    "/users/request-reset-password": {
      "post": {
        "summary": "Demande de réinitialisation du mot de passe (génère un token temporaire)",
        "tags": [
          "Utilisateurs"
        ],
        "requestBody": {
          "description": "Nom d’utilisateur pour lequel on veut réinitialiser le mot de passe",
          "required": true,
          "content": {
            "application/json": {
              "schema": {
                "type": "object",
                "required": [
                  "userName"
                ],
                "properties": {
                  "userName": {
                    "type": "string",
                    "example": "monUser"
                  }
                }
              }
            }
          }
        },
        "responses": {
          "200": {
            "description": "Token de réinitialisation généré (à envoyer par mail en prod)",
            "content": {
              "application/json": {
                "schema": {
                  "type": "object",
                  "properties": {
                    "message": {
                      "type": "string",
                      "example": "Token de reset généré"
                    },
                    "resetToken": {
                      "type": "string",
                      "example": "eyJhbGciOiJIUzI1NiIsInR5cCI6IkpXVCJ9..."
                    }
                  }
                }
              }
            }
          },
          "400": {
            "description": "Nom d’utilisateur manquant"
          },
          "404": {
            "description": "Utilisateur non trouvé"
          },
          "500": {
            "description": "Erreur serveur"
          }
        }
      }
    },
    "/users/reset-password": {
      "post": {
        "summary": "Réinitialisation du mot de passe avec un token",
        "tags": [
          "Utilisateurs"
        ],
        "requestBody": {
          "description": "Token de reset et nouveau mot de passe",
          "required": true,
          "content": {
            "application/json": {
              "schema": {
                "type": "object",
                "required": [
                  "resetToken",
                  "newPassword"
                ],
                "properties": {
                  "resetToken": {
                    "type": "string",
                    "example": "eyJhbGciOiJIUzI1NiIsInR5cCI6IkpXVCJ9..."
                  },
                  "newPassword": {
                    "type": "string",
                    "example": "monNouveauPass123"
                  }
                }
              }
            }
          }
        },
        "responses": {
          "200": {
            "description": "Mot de passe réinitialisé avec succès",
            "content": {
              "application/json": {
                "schema": {
                  "type": "object",
                  "properties": {
                    "message": {
                      "type": "string",
                      "example": "Mot de passe réinitialisé avec succès"
                    }
                  }
                }
              }
            }
          },
          "400": {
            "description": "Token invalide ou données manquantes"
          },
          "401": {
            "description": "Token expiré"
          },
          "404": {
            "description": "Utilisateur non trouvé"
          }
        }
      }
    }
  },
  "components": {},
  "tags": [
    {
      "name": "Utilisateurs",
      "description": "Gestion des utilisateurs et authentification"
    }
  ]
}