{
  "info": {
    "name": "TP Microservices - Wacil Bettahar Alioua",
    "schema": "https://schema.getpostman.com/json/collection/v2.1.0/collection.json"
  },
  "item": [
    {
      "name": "Register User",
      "request": {
        "method": "POST",
        "header": [
          {
            "key": "Content-Type",
            "value": "application/json"
          }
        ],
        "body": {
          "mode": "raw",
          "raw": "{\n  \"userName\": \"nizar\",\n  \"password\": \"123456\"\n}"
        },
        "url": {
          "raw": "http://localhost:4001/users/register",
          "protocol": "http",
          "host": [
            "localhost"
          ],
          "port": "4001",
          "path": [
            "users",
            "register"
          ]
        }
      }
    },
    {
      "name": "Login User",
      "request": {
        "method": "POST",
        "header": [
          {
            "key": "Content-Type",
            "value": "application/json"
          }
        ],
        "body": {
          "mode": "raw",
          "raw": "{\n  \"userName\": \"nizar\",\n  \"password\": \"123456\"\n}"
        },
        "url": {
          "raw": "http://localhost:4001/users/login",
          "protocol": "http",
          "host": [
            "localhost"
          ],
          "port": "4001",
          "path": [
            "users",
            "login"
          ]
        }
      }
    },
    {
      "name": "Forgot Password",
      "request": {
        "method": "POST",
        "header": [
          {
            "key": "Content-Type",
            "value": "application/json"
          }
        ],
        "body": {
          "mode": "raw",
          "raw": "{\n  \"email\": \"nizar@test.com\"\n}"
        },
        "url": {
          "raw": "http://localhost:4001/users/forgot-password",
          "protocol": "http",
          "host": [
            "localhost"
          ],
          "port": "4001",
          "path": [
            "users",
            "forgot-password"
          ]
        }
      }
    },
    {
      "name": "Create Post",
      "request": {
        "method": "POST",
        "header": [
          {
            "key": "Content-Type",
            "value": "application/json"
          }
        ],
        "body": {
          "mode": "raw",
          "raw": "{\n  \"userId\": \"id_du_user\",\n  \"content\": \"Hello World\"\n}"
        },
        "url": {
          "raw": "http://localhost:4002/posts",
          "protocol": "http",
          "host": [
            "localhost"
          ],
          "port": "4002",
          "path": [
            "posts"
          ]
        }
      }
    },
    {
      "name": "Get All Posts",
      "request": {
        "method": "GET",
        "url": {
          "raw": "http://localhost:4002/posts",
          "protocol": "http",
          "host": [
            "localhost"
          ],
          "port": "4002",
          "path": [
            "posts"
          ]
        }
      }
    },
    {
      "name": "Like a Post",
      "request": {
        "method": "POST",
        "header": [
          {
            "key": "Content-Type",
            "value": "application/json"
          }
        ],
        "body": {
          "mode": "raw",
          "raw": "{\n  \"userId\": \"id_user\",\n  \"postId\": \"id_post\"\n}"
        },
        "url": {
          "raw": "http://localhost:4003/likes",
          "protocol": "http",
          "host": [
            "localhost"
          ],
          "port": "4003",
          "path": [
            "likes"
          ]
        }
      }
    },
    {
      "name": "Delete Like by ID",
      "request": {
        "method": "DELETE",
        "url": {
          "raw": "http://localhost:4003/likes/:id",
          "protocol": "http",
          "host": [
            "localhost"
          ],
          "port": "4003",
          "path": [
            "likes",
            ":id"
          ]
        }
      }
    }
  ]
}